"Name";"Phone";"Email"
"http://www.401dixiehyundai.com";"";"dfraser@dixiehyundai.com"
"http://www.401dixiekia.com";"";"sales@401dixiekia.com, sales@401dixiekia.com, info@401dixiekia.com"
"http://www.401dixiemazda.com";"";"infoleads@401dixiemazda.com"
"http://www.401dixienissan.com";"";"infoleads@401dixienissan.com"
"http://www.mortgagebrokers.com";"";"tahir@aaasun.ca, tahir@aaasun.ca"
"http://www.aaasun.ca";"";""
"http://www.aaimsafe.com";"";"info@aaxelinsurance.com, info@aaxelinsurance.com, info@aaxelinsurance.com"
"http://www.aaxelinsurance.com";"";""
"http://www.acefinancialgroup.com";"";""
